product,quantity,price,date,region
Oranges,6,7.73769990093242,2023-05-18,East
Apples,4,4.918892975238821,2023-01-15,South
Bananas,15,8.110034180166974,2023-02-01,South
Apples,2,8.414351902425775,2023-01-13,East
Grapes,15,3.6447637409879166,2023-09-18,East
Grapes,17,8.604961243815191,2023-07-19,South
Mangoes,7,1.4926228718778902,2023-07-16,South
Strawberries,19,4.939885639058954,2023-09-06,North
Oranges,10,5.054461146386649,2023-10-15,East
Apples,5,1.0971622300802526,2023-08-19,West
Strawberries,6,2.124350549255437,2023-11-22,South
Strawberries,1,3.184075538474302,2023-01-09,East
Apples,9,2.985967995202632,2023-08-27,East
Strawberries,6,4.082978386691092,2023-11-28,South
Apples,4,6.899364712875503,2023-11-19,South
Pineapples,4,4.596905915980224,2023-08-01,North
Bananas,5,5.385746397320122,2023-02-25,West
Mangoes,5,8.736356095310411,2023-12-22,North
Oranges,10,2.7702504330396556,2023-08-03,West
Mangoes,2,3.764663284422497,2023-10-17,South
Mangoes,14,9.814161679860668,2023-11-10,East
Bananas,8,9.268049206944744,2023-06-27,North
Grapes,7,7.525886033054857,2023-09-14,North
Strawberries,5,9.251495187639701,2023-01-04,East
Mangoes,10,3.6387306173757192,2023-04-04,North
Bananas,10,2.1196504711271524,2023-01-12,South
Grapes,5,8.024373606405366,2023-08-21,North
Grapes,17,4.970467870452379,2023-04-30,North
Oranges,9,5.328737524899139,2023-05-29,West
Mangoes,10,9.19788334279051,2023-12-18,East
Bananas,11,6.3602675750492335,2023-06-21,West
Oranges,8,8.464026087088525,2023-05-12,West
Grapes,8,4.604039186934955,2023-09-05,South
Strawberries,6,7.069373960860021,2023-01-06,West
Apples,12,3.5944062188719705,2023-11-03,North
Strawberries,4,2.544694649957216,2023-07-05,North
Bananas,1,4.204022931635034,2023-04-13,East
Mangoes,4,7.77346276237387,2023-03-02,East
Bananas,4,2.181886184832706,2023-01-25,East
Grapes,20,9.69597949167697,2023-04-08,North
Bananas,8,9.625089437375273,2023-07-07,South
Pineapples,9,9.474623102610355,2023-09-01,North
Pineapples,12,5.1743195883116755,2023-05-29,East
Apples,13,8.922045886428082,2023-12-06,South
Bananas,6,5.265076563368191,2023-09-20,East
Oranges,11,8.616622720937627,2023-12-12,North
Grapes,12,9.3852185524044,2023-03-30,West
Oranges,20,3.5624884777854464,2023-08-21,North
Oranges,7,2.447345266395598,2023-10-26,South
Oranges,1,5.015420266704793,2023-10-30,North
Pineapples,10,3.3306711827602955,2023-06-08,East
Grapes,8,4.939843511244535,2023-06-17,South
Strawberries,14,9.775886945327969,2023-06-14,South
Apples,10,3.900618953186367,2023-07-12,South
Oranges,13,1.1800136993105261,2023-04-15,North
Grapes,18,8.58785636880823,2023-07-28,East
Apples,20,1.580736381422522,2023-10-29,North
Strawberries,16,8.742807033884944,2023-04-19,North
Pineapples,7,4.3468400307195445,2023-08-18,West
Oranges,16,9.51323016497663,2023-10-21,West
Pineapples,18,3.4987937238113576,2023-06-21,West
Strawberries,14,1.0585465505707616,2023-02-07,East
Mangoes,12,6.842513762134269,2023-08-05,South
Bananas,19,7.2283914624594185,2023-06-28,West
Pineapples,2,6.168861445782156,2023-04-26,North
Grapes,9,5.833868082582934,2023-12-07,South
Grapes,11,7.605237450647859,2023-04-19,West
Apples,19,2.6219809771356717,2023-03-30,South
Oranges,7,8.753775252626781,2023-06-16,West
Pineapples,15,3.760835274858576,2023-10-12,South
Strawberries,11,4.626269644907875,2023-11-29,West
Mangoes,14,5.216352496584572,2023-01-27,East
Strawberries,5,1.8132684827164474,2023-11-18,West
Pineapples,20,8.702029911648156,2023-10-02,West
Grapes,6,6.731245341783027,2023-08-17,West
Mangoes,11,4.267664227732016,2023-04-14,East
Bananas,13,1.7963218308131212,2023-08-10,South
Bananas,6,4.677827334924002,2023-01-13,South
Mangoes,14,4.220471791951352,2023-11-27,West
Oranges,7,9.984628747401157,2023-03-21,North
Oranges,4,8.585048638172726,2023-04-01,North
Apples,6,9.179117135244457,2023-04-25,East
Mangoes,17,2.027743793511789,2023-07-07,East
Bananas,3,2.090020219992087,2023-03-23,North
Apples,12,9.402352799207144,2023-08-16,North
Apples,6,8.96514035465048,2023-10-03,South
Pineapples,16,8.062543787088437,2023-05-06,North
Bananas,2,9.957043549499483,2023-07-14,West
Strawberries,5,4.067498392034631,2023-07-07,West
Grapes,12,5.361444330696191,2023-03-04,East
Strawberries,13,8.446659222476475,2023-10-20,North
Pineapples,3,2.1203488521010874,2023-02-09,West
Strawberries,3,1.2736409761490377,2023-09-07,South
Bananas,19,8.213292107780912,2023-04-16,North
Strawberries,9,9.107503345778625,2023-09-06,North
Grapes,7,9.748202800488075,2023-11-13,West
Oranges,20,9.157137218198617,2023-04-23,East
Apples,3,4.5405127855646885,2023-03-11,South
Mangoes,18,9.883332696368905,2023-01-21,West
Apples,13,6.109352884787657,2023-04-16,North
Strawberries,2,9.939469995140106,2023-05-16,North
Mangoes,9,9.431589652596902,2023-01-27,North
Oranges,7,8.33262891787402,2023-11-05,West
Bananas,18,3.005775107151335,2023-12-02,East
Strawberries,16,2.3352344848286526,2023-05-20,West
Apples,17,5.717989147790762,2023-03-09,South
Grapes,7,6.018451799207024,2023-07-23,East
Bananas,13,3.6603555678282387,2023-08-21,East
Grapes,17,8.841937460173636,2023-07-01,West
Pineapples,7,8.484716160799934,2023-01-22,East
Strawberries,7,1.1930487571753474,2023-03-07,North
Apples,14,1.5674129793184601,2023-12-10,North
Oranges,6,9.457305691159778,2023-03-08,East
Bananas,14,5.601538851445766,2023-05-01,South
Mangoes,11,9.404153708170487,2023-02-14,West
Oranges,12,6.476146409220919,2023-12-12,East
Apples,8,3.0820745739896482,2023-03-04,West
Mangoes,16,2.5449207351744194,2023-08-26,North
Strawberries,16,9.370180193016218,2023-04-10,East
Pineapples,12,3.01312869785872,2023-05-03,South
Grapes,6,9.260583440126162,2023-06-29,West
Grapes,17,6.935388785176373,2023-03-06,South
Mangoes,17,3.1120082120860775,2023-06-06,East
Strawberries,12,6.046502187491091,2023-12-31,South
Bananas,6,9.601863409169425,2023-05-24,West
Apples,19,2.010950312162201,2023-09-18,South
Apples,13,2.827763163943228,2023-05-10,South
Pineapples,3,4.581060845696303,2023-12-12,West
Pineapples,20,7.983022036693637,2023-03-15,East
Mangoes,15,5.895480940890916,2023-12-06,North
Mangoes,6,9.141236865408882,2023-12-20,South
Pineapples,9,5.273818622904353,2023-11-09,North
Mangoes,9,5.4201272291556455,2023-10-22,West
Mangoes,15,8.025143135642297,2023-06-29,South
Grapes,6,1.6166537877351066,2023-07-29,East
Strawberries,1,4.18900293060915,2023-10-26,North
Bananas,8,6.0898999244335785,2023-07-11,North
Grapes,20,2.93948630184846,2023-04-11,South
Bananas,12,6.612708749758223,2023-09-02,West
Oranges,1,5.2093738409723604,2023-11-02,North
Strawberries,7,8.228665663462372,2023-08-25,East
Bananas,11,7.275717837897681,2023-03-26,West
Mangoes,13,6.096854291416909,2023-09-10,North
Strawberries,20,6.882992006874039,2023-05-24,West
Apples,5,8.645116153013198,2023-01-31,South
Strawberries,13,5.729626697067052,2023-02-25,South
Pineapples,4,5.099460962330948,2023-06-28,South
Strawberries,18,8.927907123360816,2023-04-28,North
Mangoes,19,2.319892626926542,2023-06-14,West
Grapes,11,1.6333979600580955,2023-06-13,East
Mangoes,5,9.412423448925372,2023-01-06,North
Strawberries,17,7.579000451038285,2023-11-07,East
Mangoes,12,1.1603468843722227,2023-02-11,North
Strawberries,19,7.133744351647454,2023-08-08,North
Oranges,5,5.275490802541187,2023-09-25,South
Bananas,10,8.849915698213355,2023-02-04,South
Oranges,7,5.5746983240177626,2023-01-04,West
Oranges,7,3.9020377493062615,2023-03-25,South
Pineapples,11,3.493572640673591,2023-06-05,West
Mangoes,20,3.7973241407699114,2023-08-09,South
Bananas,11,3.4283545237266746,2023-06-08,West
Oranges,17,5.621733871057772,2023-10-08,North
Oranges,8,2.8759396599913103,2023-12-06,West
Bananas,9,4.251367893247758,2023-02-06,West
Mangoes,8,3.73568658859969,2023-01-13,North
Apples,14,6.490749152825794,2023-05-26,East
Bananas,19,3.149744329621674,2023-10-12,South
Mangoes,2,7.111443222294615,2023-02-24,East
Bananas,3,9.155833522437034,2023-11-05,East
Grapes,20,6.255670827383185,2023-04-01,East
Pineapples,15,8.917960784875376,2023-07-15,West
Apples,9,9.357180481013588,2023-03-30,North
Strawberries,10,7.852375434608912,2023-12-10,North
Bananas,12,7.495032817476121,2023-08-15,East
Pineapples,15,2.7679010974466487,2023-10-02,East
Bananas,3,6.633456272072513,2023-12-21,West
Grapes,16,8.466019478335888,2023-10-22,West
Oranges,1,9.925405538837213,2023-08-16,West
Strawberries,19,2.004568499749018,2023-11-27,North
Mangoes,2,2.181956543950234,2023-10-23,West
Grapes,2,2.7245377445824204,2023-02-14,South
Strawberries,17,2.589245518783793,2023-06-27,East
Strawberries,16,2.310670117200434,2023-04-17,East
Grapes,20,8.718551883516993,2023-04-01,East
Strawberries,13,5.423195148000771,2023-02-18,East
Mangoes,3,1.7503185721243977,2023-07-22,West
Strawberries,18,1.6947337873442652,2023-07-05,South
Bananas,1,4.153895274283313,2023-05-18,North
Apples,8,1.8854158300895492,2023-10-27,South
Mangoes,6,4.408492126151691,2023-05-31,North
Oranges,19,1.0494824611997324,2023-12-22,South
Bananas,1,9.470845739687892,2023-10-02,East
Bananas,2,7.166887545729648,2023-07-07,East
Oranges,6,1.2312281097988724,2023-04-13,South
Grapes,6,6.4786743179477,2023-10-07,South
Pineapples,14,7.848082109739844,2023-12-06,North
Grapes,2,1.903151421702718,2023-07-06,East
Strawberries,6,6.610244399182474,2023-01-04,North
Oranges,10,3.919100176743047,2023-09-05,North
Oranges,19,6.476442855794596,2023-07-01,South
Bananas,19,9.678461645118313,2023-01-03,West
Strawberries,14,4.987015845184661,2023-10-06,West
Strawberries,9,1.0764791190975584,2023-10-07,West
Oranges,6,7.628219179507666,2023-09-20,North
Pineapples,5,8.405787781269545,2023-05-19,North
Oranges,5,2.723393271365257,2023-08-01,North
Grapes,9,4.062719218228659,2023-06-16,West
Mangoes,6,2.740919594555434,2023-03-21,East
Grapes,20,9.506016566126315,2023-02-27,West
Pineapples,11,8.64645097181589,2023-01-21,South
Pineapples,9,8.311670790345733,2023-11-27,South
Mangoes,15,5.10329552803649,2023-02-20,East
Oranges,20,3.255562171674088,2023-02-17,West
Pineapples,6,1.3200595264839081,2023-12-14,East
Mangoes,7,6.9960880010504285,2023-04-13,West
Pineapples,20,6.188242983899465,2023-05-09,North
Strawberries,8,7.8117650489135135,2023-09-04,East
Apples,8,4.667708949680536,2023-04-25,South
Grapes,4,8.360429623699584,2023-11-27,East
Mangoes,3,4.558785101767575,2023-12-17,South
Bananas,20,9.397092636809653,2023-05-22,South
Apples,6,5.783151461676949,2023-06-10,East
Apples,9,7.9447327651857504,2023-11-26,South
Oranges,9,6.698737395086621,2023-11-19,North
Pineapples,6,1.024887176975603,2023-05-17,West
Bananas,10,3.5517251739686406,2023-12-07,North
Strawberries,5,3.643046001957228,2023-07-18,East
Bananas,19,1.286602829700395,2023-06-17,East
Grapes,19,6.543252646418154,2023-10-19,North
Bananas,3,3.8018312185541454,2023-11-30,East
Strawberries,4,9.656391721902077,2023-11-16,East
Mangoes,19,8.717677360932202,2023-07-17,East
Oranges,17,1.8968603553354872,2023-12-01,South
Bananas,11,4.29621007683523,2023-01-02,West
Pineapples,11,9.40405369066904,2023-08-30,South
Oranges,18,5.867025861904224,2023-07-19,West
Grapes,10,5.938741081342335,2023-07-25,West
Oranges,18,7.499861982143028,2023-12-02,West
Oranges,15,5.0856848103609025,2023-11-23,South
Strawberries,5,3.2620800693270184,2023-12-14,South
Pineapples,8,6.057824534160366,2023-08-15,South
Mangoes,14,3.908703491071087,2023-10-07,South
Apples,1,5.189282137669396,2023-12-09,South
Bananas,3,5.999117564462558,2023-02-07,East
Grapes,12,5.087194820121086,2023-02-26,West
Pineapples,20,6.815733704041576,2023-10-05,North
Mangoes,5,3.0633342851687377,2023-10-12,South
Pineapples,4,8.928394297803443,2023-06-30,North
Bananas,7,4.76118280430776,2023-08-02,South
Apples,15,5.542192879844329,2023-12-02,East
Strawberries,12,2.0488005714352466,2023-06-01,East
Bananas,5,4.8497836776227,2023-01-14,North
Grapes,15,9.003838690438965,2023-03-25,West
Apples,14,8.051084111064485,2023-06-08,West
Strawberries,8,2.109314775484923,2023-08-07,South
Bananas,4,7.24827761596893,2023-11-27,South
Strawberries,15,8.825788000427831,2023-07-14,South
Apples,3,5.100882969599398,2023-12-11,South
Grapes,5,9.883402621481098,2023-04-19,East
Bananas,19,5.483918917159909,2023-09-13,East
Grapes,19,4.820957327312942,2023-10-21,East
Pineapples,3,3.804913882795936,2023-12-28,North
Grapes,12,5.983507095430966,2023-12-27,North
Oranges,17,4.434891730817849,2023-03-31,West
Grapes,2,2.365828249609962,2023-10-31,West
Strawberries,16,5.336927528768984,2023-09-29,South
Strawberries,8,2.576093300588428,2023-04-21,West
Oranges,7,3.14977456409986,2023-08-16,East
Bananas,16,3.8501855156612517,2023-09-12,East
Grapes,17,7.523296307387703,2023-06-13,South
Apples,20,2.0756179395929744,2023-05-24,North
Grapes,8,1.9041616946187014,2023-10-18,North
Pineapples,14,3.6142447367447876,2023-02-01,West
Strawberries,1,3.7207628343486894,2023-05-02,South
Strawberries,2,4.034926710741327,2023-07-19,West
Mangoes,15,8.045244541360802,2023-02-14,West
Mangoes,5,3.114266726605066,2023-07-22,West
Mangoes,15,3.6182657455820104,2023-09-15,East
Bananas,1,4.608764022677022,2023-03-13,South
Bananas,19,5.7881281110598675,2023-12-10,East
Strawberries,17,3.672873866083876,2023-11-12,North
Grapes,1,6.711420781753143,2023-07-02,East
Strawberries,9,2.3314230449273996,2023-08-19,East
Pineapples,16,1.6515400079723035,2023-09-29,North
Grapes,17,5.312671152516792,2023-02-28,East
Grapes,2,8.472526683908507,2023-03-30,West
Strawberries,17,8.262874824931039,2023-08-02,North
Strawberries,15,9.054373687706814,2023-03-12,West
Mangoes,3,8.974382196213782,2023-06-30,East
Strawberries,19,3.6789265739274195,2023-03-29,North
Mangoes,10,2.0032545450658374,2023-12-16,East
Bananas,4,2.820842707909599,2023-01-21,East
Apples,17,5.0252571528354,2023-04-16,South
Oranges,11,4.330526866561112,2023-02-20,East
Apples,13,8.638941087997855,2023-07-10,South
Apples,6,6.917434547985307,2023-04-20,South
Mangoes,19,8.402161521496733,2023-12-26,North
Pineapples,16,4.140213429825799,2023-06-27,South
Bananas,8,6.338803002663834,2023-12-12,East
Strawberries,11,7.631237783986332,2023-02-15,East
Pineapples,5,4.5189061702802835,2023-02-25,South
Oranges,1,6.075560956179725,2023-06-19,East
Bananas,11,9.008623343465192,2023-12-31,East
Bananas,9,7.071594451446175,2023-12-25,South
Grapes,2,2.8391646143859077,2023-08-26,South
Bananas,12,4.545118765431257,2023-12-16,South
Bananas,13,5.214039487767287,2023-02-16,East
Apples,19,5.836170050607995,2023-02-16,West
Oranges,4,9.47098338858,2023-03-06,East
Pineapples,20,9.976176910536083,2023-09-13,South
Mangoes,8,8.090066924476874,2023-08-28,East
Apples,8,1.5933737184739112,2023-06-24,West
Apples,11,3.219394679078339,2023-05-03,West
Bananas,5,9.929613966324245,2023-07-27,South
Grapes,17,9.564066660670226,2023-11-12,South
Grapes,11,7.830591778220862,2023-08-09,East
Grapes,8,6.191875160918209,2023-04-17,South
Bananas,9,1.445013095013595,2023-10-25,East
Oranges,2,9.926121109075591,2023-03-12,East
Mangoes,17,4.411166869569798,2023-10-16,West
Pineapples,12,7.34932977839354,2023-11-23,South
Apples,17,2.484733833777909,2023-03-12,West
Mangoes,3,8.321464424931317,2023-08-08,West
Pineapples,2,8.057601460601798,2023-01-31,North
Bananas,9,5.312746190083144,2023-12-06,West
Grapes,12,3.8914841820171433,2023-01-10,West
Bananas,19,9.702214030235732,2023-12-14,East
Oranges,5,3.737828965221816,2023-05-03,West
Pineapples,5,2.506881862078824,2023-12-25,West
Grapes,5,7.328901500440177,2023-09-12,North
Apples,2,3.2114245664100913,2023-06-03,East
Apples,7,6.654195905039412,2023-05-11,East
Mangoes,3,8.580059876566267,2023-05-06,East
Pineapples,11,6.095422997302982,2023-11-13,West
Pineapples,20,4.169788619701098,2023-02-01,North
Bananas,18,9.10396425468763,2023-09-29,East
Grapes,3,4.6913922627578835,2023-05-12,West
Oranges,20,1.7064136919809005,2023-06-08,East
Apples,3,4.234798315383085,2023-10-21,South
Grapes,19,9.550517762473223,2023-10-30,South
Apples,8,8.325962615456508,2023-01-29,South
Strawberries,7,9.859101967792547,2023-09-10,South
Apples,7,7.391990857492145,2023-04-01,North
Oranges,12,3.1948881425391256,2023-09-02,North
Strawberries,11,2.3595636872251493,2023-02-19,West
Bananas,1,1.6548457241811794,2023-03-11,South
Mangoes,2,3.6379838095185413,2023-01-16,South
Mangoes,2,6.3511728737866475,2023-05-28,South
Grapes,9,3.5790937026407286,2023-05-20,East
Apples,8,4.554125583791291,2023-08-07,North
Oranges,18,9.992564514136316,2023-01-03,West
Pineapples,12,9.146101571606456,2023-11-28,North
Grapes,5,9.591727960346013,2023-05-09,West
Strawberries,14,1.0122340840285204,2023-12-08,West
Strawberries,1,5.201764762113504,2023-08-14,North
Mangoes,13,3.6100021340356965,2023-04-28,South
Pineapples,3,3.5548632957589765,2023-06-18,North
Mangoes,11,2.8111830674540665,2023-02-28,South
Mangoes,11,4.401489027825605,2023-06-10,East
Mangoes,10,4.071674046878179,2023-11-17,North
Apples,11,8.7251084928108,2023-12-29,South
Mangoes,5,6.770424491370132,2023-09-04,East
Strawberries,7,3.788457077650676,2023-07-08,West
Mangoes,9,2.9278008922762355,2023-05-28,South
Oranges,1,7.541259722178483,2023-02-04,South
Grapes,5,9.220165931173264,2023-01-30,North
Mangoes,1,7.522028260877854,2023-02-13,North
Pineapples,1,9.990448326920298,2023-01-13,East
Apples,16,4.502818834718667,2023-06-20,North
Grapes,8,8.051149466116348,2023-04-15,East
Mangoes,4,8.115239444701677,2023-10-20,South
Bananas,13,2.6501458367619377,2023-12-26,East
Apples,15,5.809107284932268,2023-06-23,North
Pineapples,10,2.8528022296535767,2023-12-13,South
Bananas,17,1.848372653547504,2023-06-22,East
Oranges,9,4.650290529211423,2023-08-14,North
Grapes,7,9.292839282559365,2023-08-10,North
Mangoes,8,8.838550308073962,2023-10-11,East
Mangoes,3,9.125468625312262,2023-04-07,East
Pineapples,19,9.837310611695672,2023-01-27,East
Strawberries,16,6.441706128627749,2023-09-07,East
Pineapples,6,7.542308850586532,2023-05-10,West
Oranges,6,2.9989208494944224,2023-11-23,South
Pineapples,13,7.513218108229754,2023-11-21,North
Bananas,19,2.060944084044354,2023-06-16,South
Oranges,16,8.322816844044631,2023-03-07,North
Grapes,6,7.5014383926576,2023-07-20,East
Oranges,14,4.307909735176093,2023-05-25,South
Apples,2,8.91053243266746,2023-11-28,West
Mangoes,11,6.245096449931419,2023-03-28,South
Strawberries,18,4.417592410593578,2023-07-13,East
Grapes,17,7.005853945055021,2023-01-08,South
Oranges,3,1.1598365824080115,2023-04-09,East
Grapes,2,1.4251757455553862,2023-11-18,East
Mangoes,1,5.0128945026952,2023-01-09,East
Strawberries,6,1.3504798459395815,2023-05-19,North
Mangoes,18,5.758533996316405,2023-03-23,North
Mangoes,2,3.575721655925967,2023-09-22,North
Strawberries,17,6.2251216803718545,2023-02-10,North
Mangoes,17,6.280840263492364,2023-06-09,East
Mangoes,6,1.943458671905983,2023-01-18,South
Oranges,13,4.965934783568334,2023-06-09,West
Grapes,18,7.529716069883762,2023-11-03,North
Bananas,12,5.76955032649154,2023-08-07,East
Mangoes,4,1.4671837196666888,2023-08-02,North
Oranges,19,6.398771524021317,2023-04-19,East
Grapes,14,5.904507521314082,2023-10-12,East
Strawberries,14,5.460253065755616,2023-05-29,South
Apples,5,3.6389135006003235,2023-01-18,East
Strawberries,15,1.9886126397716941,2023-11-22,North
Pineapples,19,3.582993171404667,2023-01-29,East
Apples,18,2.5824865893809315,2023-02-17,South
Strawberries,15,3.4956574278175836,2023-06-14,West
Oranges,15,2.673492099413605,2023-11-29,West
Pineapples,5,7.337411598138406,2023-12-27,West
Oranges,19,9.153268187298451,2023-06-10,South
Pineapples,4,9.982393849091606,2023-10-20,West
Strawberries,15,6.070750702047621,2023-02-07,East
Mangoes,9,6.769287360296193,2023-02-26,South
Pineapples,7,1.1536821920175142,2023-03-22,North
Strawberries,4,4.002493415965631,2023-06-10,East
Grapes,4,6.578414001217295,2023-09-30,West
Strawberries,16,1.7447660599329784,2023-02-28,North
Grapes,13,6.995060262540623,2023-12-20,East
Pineapples,13,4.347857190000572,2023-02-06,South
Pineapples,12,1.6353476854853717,2023-11-01,East
Pineapples,19,8.721381188951984,2023-07-18,South
Bananas,8,2.8663066461336237,2023-10-10,West
Pineapples,20,9.004637428915402,2023-09-18,South
Pineapples,6,8.445190035287368,2023-04-03,North
Pineapples,17,6.280417306229911,2023-03-12,South
Bananas,15,4.86918489239739,2023-01-03,South
Apples,16,8.01030049018524,2023-12-26,East
Strawberries,15,4.320197273759826,2023-03-20,North
Strawberries,5,6.914489155178543,2023-08-11,North
Pineapples,11,5.474462467927864,2023-08-08,West
Pineapples,13,9.494689049764057,2023-10-09,East
Oranges,16,7.910729271595878,2023-02-10,West
Oranges,19,9.792444512486657,2023-01-08,West
Bananas,9,6.497095681373791,2023-12-15,West
Grapes,5,4.726824033606573,2023-11-08,South
Strawberries,2,8.877595854874686,2023-07-18,South
Pineapples,20,8.932838426137018,2023-12-30,East
Pineapples,13,4.505998191704387,2023-09-29,North
Grapes,18,1.254230598308209,2023-03-14,North
Apples,17,7.988116313443335,2023-09-19,South
Oranges,6,1.2345763170644695,2023-05-07,South
Pineapples,12,8.475416949442728,2023-05-31,West
Grapes,16,8.799838564036634,2023-08-30,East
Apples,14,6.698143732653585,2023-12-27,West
Mangoes,15,6.643319124961499,2023-02-01,South
Strawberries,20,1.7460606123013762,2023-06-13,South
Grapes,4,3.3396524711552864,2023-11-06,West
Grapes,5,8.491213113074409,2023-08-17,West
Apples,14,2.9502590912161977,2023-01-06,North
Grapes,17,7.237673021291475,2023-08-19,East
Pineapples,17,2.156902839296312,2023-11-17,West
Pineapples,1,3.420534871948277,2023-11-11,West
Apples,3,1.3176233311251762,2023-09-08,South
Grapes,14,4.378896366425702,2023-08-30,South
Strawberries,7,6.257046861858631,2023-06-15,West
Bananas,13,6.266809861273243,2023-06-06,West
Bananas,9,5.666132001962351,2023-06-04,East
Grapes,11,1.447352837966397,2023-07-18,East
Oranges,10,2.7562830128115143,2023-08-12,West
Apples,5,2.1542163495246895,2023-08-13,East
Pineapples,8,4.055881265163206,2023-06-29,South
Oranges,7,9.135047672992865,2023-10-20,North
Mangoes,10,6.579761183142789,2023-09-12,East
Mangoes,7,9.676236353857755,2023-03-12,West
Apples,7,5.683125811981433,2023-03-30,North
Strawberries,7,6.767173375360652,2023-02-16,West
Pineapples,13,4.857613270663306,2023-09-16,South
Bananas,13,5.552086410738687,2023-07-29,North
Bananas,13,9.200228472217301,2023-04-24,North
Oranges,7,1.4940282310379591,2023-02-20,South
Bananas,15,2.9148015110136636,2023-08-05,South
Strawberries,8,7.150635287439137,2023-10-22,East
Bananas,16,3.0111788780800994,2023-11-18,East
Strawberries,4,3.621506340295894,2023-03-28,North
Bananas,15,8.189359153753678,2023-07-24,North
Apples,8,3.5031673309317024,2023-07-23,West
Apples,7,9.009894248845528,2023-01-21,North
Grapes,9,9.775594611270341,2023-01-01,North
Mangoes,3,3.4286996003590104,2023-12-31,South
Bananas,12,2.5818273356112496,2023-01-20,East
Apples,16,5.513220310435539,2023-11-25,South
Oranges,17,1.4654617138274797,2023-01-18,North
Apples,1,6.3393160483589455,2023-10-03,West
Mangoes,4,2.015714891000609,2023-04-01,East
Pineapples,6,9.5471356968093,2023-10-22,South
Grapes,17,5.120590787928105,2023-12-08,East
Pineapples,17,8.810431044248089,2023-11-24,South
Grapes,3,5.342009096351777,2023-11-24,West
Bananas,3,8.173348706357707,2023-09-23,North
Grapes,2,5.467204405326749,2023-07-26,East
Apples,1,3.6867198569491193,2023-01-25,East
Oranges,12,6.448968698974907,2023-12-01,North
Oranges,5,1.1944451347837122,2023-04-06,South
Oranges,4,5.786667622903972,2023-10-25,West
Strawberries,16,5.083952607304564,2023-04-04,East
Bananas,3,9.993332338088175,2023-12-21,West
Strawberries,16,5.002334683383674,2023-08-25,East
Grapes,5,5.44029859458861,2023-02-04,North
Grapes,1,3.78774026375196,2023-11-17,East
Grapes,9,6.026617671627003,2023-05-25,North
Mangoes,5,7.836864449810886,2023-11-07,North
Mangoes,4,1.5722538615490584,2023-12-05,West
Mangoes,3,3.4789323313993976,2023-01-21,South
Bananas,6,1.1286311937586233,2023-03-29,East
Strawberries,19,1.6693214993333538,2023-08-21,West
Oranges,14,6.619114731196315,2023-08-04,North
Bananas,1,5.300126732540032,2023-11-14,South
Bananas,3,8.04453989271892,2023-06-25,South
Strawberries,11,1.7480803433773673,2023-09-18,South
Oranges,2,8.954188277329933,2023-02-28,North
Apples,10,5.526249223714102,2023-09-02,South
Mangoes,1,7.5539750487977,2023-05-15,South
Oranges,10,6.1453998439220126,2023-05-03,South
Apples,2,2.383501531472037,2023-09-20,West
Mangoes,14,2.138870276428642,2023-02-13,North
Apples,17,4.614262797180698,2023-04-11,South
Oranges,13,1.4639914320066334,2023-02-09,East
Grapes,16,1.2492794435074963,2023-10-06,West
Bananas,20,8.405643468327781,2023-04-06,North
Strawberries,10,1.9248266808801997,2023-03-15,West
Mangoes,3,1.870677300101372,2023-09-16,South
Strawberries,8,9.913389864560795,2023-08-11,South
Oranges,1,1.3595018401110974,2023-07-14,North
Mangoes,20,7.624199169543452,2023-01-22,West
Grapes,1,8.082914472995117,2023-11-18,North
Grapes,20,5.9409364045328825,2023-06-11,South
Grapes,19,4.647770887864652,2023-03-08,South
Mangoes,11,6.718490675534575,2023-12-25,South
Apples,10,4.243369398685827,2023-10-16,North
Grapes,14,8.301809181138413,2023-01-22,North
Strawberries,18,5.224993994833026,2023-12-04,East
Apples,9,4.544179052682425,2023-10-10,East
Oranges,15,8.891061014232314,2023-07-28,West
Mangoes,18,6.194511046111078,2023-11-27,West
Mangoes,16,7.3209630287847265,2023-10-06,North
Grapes,6,9.178576445267325,2023-03-09,West
Strawberries,20,3.4784419824515798,2023-09-10,West
Pineapples,18,2.116782211692647,2023-01-15,West
Oranges,9,4.653418395259205,2023-10-06,West
Strawberries,14,5.562673214803223,2023-08-26,West
Strawberries,18,4.371525738183283,2023-01-10,North
Pineapples,8,9.486523699316757,2023-03-28,West
Apples,6,6.590953033157588,2023-01-18,East
Mangoes,12,9.61819031328364,2023-07-04,South
Mangoes,5,4.673949966443995,2023-10-14,South
Apples,6,5.0886501750541875,2023-12-30,North
Oranges,11,6.218815049737603,2023-10-24,South
Mangoes,12,5.351620137378127,2023-05-12,West
Oranges,10,1.8223381404996908,2023-11-03,East
Bananas,7,2.757982168411224,2023-11-02,North
Apples,18,4.9493399054493254,2023-07-03,South
Mangoes,19,2.4213071960214685,2023-12-21,South
Strawberries,9,4.388653515257249,2023-06-10,East
Pineapples,1,7.09113108162534,2023-01-05,North
Pineapples,20,9.128524338654891,2023-10-07,West
Apples,1,4.618765227702821,2023-02-25,East
Bananas,18,1.7430500584264634,2023-10-08,North
Grapes,10,3.5877599087629575,2023-03-16,South
Mangoes,14,1.007130311696958,2023-04-01,South
Bananas,16,3.297508048822053,2023-10-01,East
Pineapples,16,7.0906737368049955,2023-05-10,East
Strawberries,6,4.041587184223318,2023-06-07,East
Strawberries,13,5.613124795678312,2023-06-18,West
Pineapples,9,5.700897324667231,2023-07-24,West
Bananas,4,5.686322105754633,2023-05-24,South
Apples,6,1.369118919335806,2023-07-28,East
Oranges,18,2.535805916849374,2023-02-25,North
Oranges,8,4.157889587343899,2023-06-12,North
Apples,5,8.634015470722836,2023-05-06,North
Strawberries,15,9.046181715977454,2023-08-10,East
Mangoes,18,6.836247283470942,2023-05-23,East
Grapes,12,3.134779580909412,2023-10-23,West
Apples,1,5.805155285772334,2023-10-04,West
Oranges,14,8.267031532190598,2023-03-22,South
Mangoes,17,7.912369756471768,2023-08-03,South
Bananas,3,5.048153736689635,2023-06-17,North
Strawberries,14,2.7666367009098907,2023-01-12,North
Bananas,11,5.150907605068796,2023-01-07,South
Bananas,10,6.016542899474578,2023-07-17,North
Pineapples,2,5.461648727140862,2023-12-08,West
Mangoes,13,5.141897365498065,2023-11-13,East
Strawberries,8,1.759387457291512,2023-11-01,West
Bananas,12,1.8171733048501233,2023-01-30,West
Pineapples,11,6.220805881819454,2023-02-19,West
Strawberries,18,1.2567393093735624,2023-03-09,West
Bananas,1,2.3275184123460297,2023-03-20,West
Strawberries,12,6.666240881853417,2023-12-13,North
Oranges,17,3.611945797976563,2023-08-03,West
Apples,5,8.803651393820314,2023-10-10,North
Bananas,9,1.4099999086577364,2023-10-23,North
Mangoes,8,7.806412155903942,2023-03-03,South
Bananas,11,9.442110959456494,2023-03-02,West
Grapes,13,3.9695634540804434,2023-08-30,South
Oranges,2,2.7862294339566134,2023-06-20,West
Apples,9,7.198143708489971,2023-12-12,East
Oranges,7,5.052305521098629,2023-09-05,North
Pineapples,15,6.649542586308689,2023-12-28,South
Strawberries,16,8.201685093959437,2023-06-21,West
Strawberries,13,3.9567247873543883,2023-09-13,East
Oranges,8,4.306943948682434,2023-09-17,South
Oranges,19,2.6749274981297964,2023-09-24,West
Grapes,20,5.04482233043547,2023-07-16,East
Apples,7,9.89792487424684,2023-09-15,East
Oranges,6,8.41480669642839,2023-02-19,North
Mangoes,15,1.6421160862654356,2023-06-19,North
Oranges,4,8.093681070579997,2023-03-25,South
Oranges,2,7.267569248058818,2023-07-11,North
Mangoes,6,6.137113148262901,2023-04-01,East
Mangoes,3,3.9807867601745492,2023-02-14,West
Apples,6,3.5762135761601077,2023-10-03,East
Bananas,9,7.515959974359048,2023-09-20,North
Oranges,10,2.8615963851291957,2023-07-16,West
Mangoes,19,2.2082576162046745,2023-09-17,West
Grapes,5,2.8033311135488503,2023-09-19,North
Bananas,18,7.610157281392727,2023-09-16,East
Pineapples,16,2.579302534829079,2023-02-06,East
Mangoes,18,4.9504576233339215,2023-11-15,East
Pineapples,15,6.088724019427286,2023-01-01,North
Oranges,3,4.231824823196368,2023-03-11,South
Oranges,4,8.431808840793526,2023-03-23,East
Mangoes,19,5.778919700397648,2023-12-21,North
Mangoes,13,9.794124965085942,2023-11-20,North
Grapes,3,2.4295909359463534,2023-05-09,South
Mangoes,14,4.20943413451078,2023-04-28,South
Bananas,20,6.465427212424855,2023-06-12,East
Strawberries,8,9.176697444459332,2023-11-01,South
Bananas,7,6.424596988017507,2023-12-08,South
Apples,12,4.0671174356352555,2023-11-14,West
Strawberries,12,2.174530493903674,2023-01-28,East
Strawberries,15,3.9316416250713706,2023-03-20,East
Pineapples,18,1.073209067422231,2023-04-24,North
Bananas,4,2.961438423061676,2023-11-22,West
Pineapples,6,6.734840679695119,2023-07-22,West
Strawberries,2,5.448447242718551,2023-06-20,East
Oranges,15,1.7226163823526561,2023-07-25,North
Bananas,6,9.131622787540854,2023-06-20,North
Bananas,10,7.219931408433068,2023-08-17,South
Apples,4,8.53004564928491,2023-07-28,South
Mangoes,6,4.368729765231066,2023-07-11,North
Oranges,14,5.6783788472680286,2023-05-21,North
Mangoes,5,8.484814786973686,2023-04-03,North
Bananas,8,5.285585717652045,2023-03-27,West
Pineapples,8,6.4245402732226236,2023-01-07,North
Apples,18,1.1815037950694856,2023-12-24,East
Bananas,6,1.2851607917182215,2023-10-08,South
Pineapples,5,1.284305464838425,2023-09-18,North
Oranges,7,5.357013568163053,2023-08-12,North
Strawberries,5,4.428601607401703,2023-09-28,North
Bananas,8,3.006934201888994,2023-10-11,West
Grapes,20,1.8932281013971446,2023-07-26,South
Grapes,2,9.777759957036926,2023-12-24,West
Pineapples,8,3.3451064946634768,2023-01-08,East
Bananas,6,5.589286594261737,2023-04-07,West
Strawberries,10,2.430213627544585,2023-01-19,East
Oranges,6,4.615986237385221,2023-01-07,North
Strawberries,11,3.5272449552706626,2023-06-05,South
Strawberries,9,3.7022206371028954,2023-03-26,East
Apples,7,9.41780062366621,2023-01-14,South
Oranges,18,4.755860370035769,2023-06-09,North
Bananas,8,5.931759171372851,2023-03-21,West
Mangoes,19,5.50546887141988,2023-10-11,South
Oranges,6,9.664785609381166,2023-02-02,South
Pineapples,1,9.404701390707459,2023-06-20,North
Pineapples,15,9.794968156884268,2023-02-11,North
Pineapples,18,8.436213688108545,2023-09-02,North
Grapes,4,9.747971846776128,2023-05-03,North
Pineapples,5,3.357605306881992,2023-06-06,East
Strawberries,12,9.17101126506616,2023-05-12,South
Pineapples,10,8.05915655474876,2023-10-08,East
Strawberries,20,4.929602903983153,2023-10-15,South
Grapes,11,6.39046783694703,2023-07-19,West
Grapes,10,1.2988279319844185,2023-09-06,North
Bananas,11,3.6154082287882336,2023-03-25,East
Oranges,10,6.921669737402332,2023-12-07,South
Grapes,1,1.8403268122897019,2023-11-15,North
Grapes,20,1.2725049638726655,2023-10-02,North
Strawberries,20,7.641247480047445,2023-01-27,West
Strawberries,10,4.907675716451733,2023-01-28,East
Apples,13,5.298542419257645,2023-10-10,West
Grapes,6,6.683678891559326,2023-10-18,North
Bananas,6,8.224716702408095,2023-01-13,East
Pineapples,6,8.759827450948485,2023-01-05,East
Grapes,11,8.768256996202464,2023-06-02,East
Apples,9,5.2290551600756645,2023-11-04,West
Grapes,13,2.5002593600323086,2023-12-09,West
Grapes,14,2.8984079678541903,2023-12-14,West
Pineapples,11,8.59643816661817,2023-02-16,South
Mangoes,13,3.190202052047224,2023-01-22,South
Pineapples,1,9.865112088594636,2023-02-05,West
Apples,10,1.6230859403857025,2023-10-20,North
Apples,7,6.677039649609056,2023-11-02,West
Bananas,20,4.109203142766763,2023-03-04,South
Grapes,8,6.243290333909846,2023-02-04,North
Oranges,4,4.380967234965841,2023-12-24,South
Oranges,4,9.591258810613622,2023-06-06,East
Pineapples,9,6.159180110277716,2023-05-08,South
Bananas,12,5.260859983058642,2023-07-11,East
Strawberries,11,1.437230336662985,2023-10-16,South
Bananas,18,9.715117892860633,2023-11-18,West
Oranges,10,9.990564684723381,2023-06-23,West
Pineapples,14,8.37032605517997,2023-07-19,East
Strawberries,3,9.759004109480893,2023-01-18,East
Grapes,16,3.369156028538186,2023-04-01,South
Strawberries,6,9.766217766631778,2023-12-16,North
Mangoes,6,7.365699442526528,2023-11-22,East
Oranges,5,5.8724068277541,2023-01-16,West
Mangoes,3,3.5507162874007117,2023-10-20,North
Pineapples,13,1.7944475772268986,2023-07-28,North
Apples,10,4.107266492756684,2023-11-05,West
Strawberries,6,9.098261892809125,2023-02-12,South
Apples,1,4.953222202431861,2023-05-20,East
Grapes,15,7.050669324629572,2023-07-10,North
Apples,10,4.845260616212656,2023-09-05,West
Strawberries,1,1.3242073860356376,2023-03-28,West
Strawberries,3,7.047599275311751,2023-06-28,West
Grapes,12,4.8978351902263695,2023-07-26,West
Mangoes,11,1.7998882374278153,2023-10-20,East
Bananas,12,1.4950761947967304,2023-08-18,East
Pineapples,8,9.169635445519807,2023-02-27,North
Apples,14,2.486834498910085,2023-02-25,South
Mangoes,20,7.976662259018785,2023-06-18,South
Apples,3,3.847046415102394,2023-03-29,South
Apples,8,5.600285824893596,2023-01-27,East
Bananas,1,3.2559599486232784,2023-05-03,West
Apples,7,9.635688524631341,2023-08-26,East
Pineapples,9,6.0712640983118025,2023-07-01,West
Apples,11,2.3967715839941506,2023-10-15,West
Strawberries,7,6.4533494109826695,2023-01-30,South
Bananas,6,6.904189527406217,2023-05-09,East
Apples,8,9.368703014316772,2023-08-17,North
Mangoes,2,7.781282693755589,2023-03-26,East
Mangoes,5,6.320189245355915,2023-03-18,South
Bananas,6,4.824424232428364,2023-07-31,West
Grapes,11,1.0195144722524851,2023-02-20,North
Bananas,3,8.08792042983955,2023-01-05,West
Strawberries,20,6.26465883707559,2023-09-06,South
Bananas,5,1.8829643037099206,2023-04-27,North
Grapes,12,5.315528085878027,2023-06-10,West
Grapes,2,3.0124487072991433,2023-12-07,North
Mangoes,11,5.561531633914852,2023-08-27,East
Apples,18,8.368565263276448,2023-05-06,East
Mangoes,5,9.05717131145622,2023-12-17,East
Pineapples,18,7.972739132709552,2023-05-16,South
Mangoes,1,4.965328657747477,2023-09-19,East
Apples,5,2.272023194044238,2023-05-23,South
Strawberries,6,8.492567076375039,2023-08-29,South
Bananas,1,3.8756865578248245,2023-11-07,East
Grapes,8,5.297138310024664,2023-03-25,West
Oranges,6,9.348902685665793,2023-12-03,East
Bananas,20,7.232039555858661,2023-04-12,East
Bananas,15,2.9723246548569944,2023-03-02,East
Mangoes,12,4.78797499395541,2023-09-20,South
Grapes,16,6.725416595963584,2023-07-18,West
Oranges,18,4.671089714821221,2023-06-10,West
Pineapples,3,9.091640115030591,2023-05-18,North
Grapes,11,9.080943156459224,2023-05-05,North
Grapes,20,2.900258559356945,2023-02-23,South
Pineapples,13,9.152411061716293,2023-03-01,North
Grapes,19,4.148917063054136,2023-10-15,South
Strawberries,10,2.6744389919877944,2023-03-04,South
Apples,9,7.763932572811166,2023-04-04,East
Oranges,2,7.502208562683248,2023-04-15,South
Mangoes,10,3.2474923619287233,2023-07-12,South
Oranges,11,8.497257589001848,2023-03-05,North
Strawberries,15,2.4389031387742017,2023-07-07,East
Oranges,8,2.8674537363635673,2023-12-30,East
Bananas,18,7.379267149754347,2023-08-29,East
Strawberries,5,1.6635089935417486,2023-03-26,South
Strawberries,12,6.783317736213145,2023-11-27,North
Apples,13,2.4470734525776265,2023-05-11,South
Pineapples,13,8.035558946637758,2023-05-04,East
Pineapples,14,1.9379905075802686,2023-03-26,North
Apples,10,3.345824843462905,2023-09-16,South
Mangoes,17,9.383631719373573,2023-12-15,North
Grapes,4,8.575796597055941,2023-01-07,North
Strawberries,10,8.91968970148439,2023-01-27,South
Pineapples,12,4.781370357446142,2023-09-16,South
Apples,3,3.5120739251808506,2023-07-13,South
Apples,7,9.321816488336271,2023-09-28,East
Pineapples,7,7.047732850480703,2023-04-23,North
Mangoes,15,2.9511707581738893,2023-12-07,East
Apples,12,7.913019621301198,2023-12-13,North
Strawberries,8,5.112188296610305,2023-10-15,North
Mangoes,4,7.100979311023333,2023-09-11,West
Apples,12,7.7414751494646055,2023-11-22,North
Apples,18,8.293919043302246,2023-05-09,North
Bananas,13,9.370674059936663,2023-01-04,East
Mangoes,17,8.904347020281463,2023-07-11,West
Strawberries,17,7.495635476682775,2023-08-11,North
Strawberries,13,7.861317130335163,2023-10-23,West
Strawberries,8,7.463165601028552,2023-07-09,South
Mangoes,11,2.7962089715477445,2023-01-18,West
Bananas,11,4.2431501054299545,2023-05-28,West
Mangoes,9,9.942035913456305,2023-11-06,East
Strawberries,7,9.564583312679932,2023-08-01,West
Oranges,1,5.570555451825151,2023-05-20,East
Grapes,14,8.653324517367654,2023-04-20,West
Pineapples,11,2.8205767542854803,2023-06-19,South
Pineapples,15,9.940711994185769,2023-11-02,South
Mangoes,10,8.322305924392587,2023-11-22,North
Mangoes,3,6.0203142538236705,2023-10-31,South
Oranges,3,3.8387970750222764,2023-01-02,North
Pineapples,13,5.131603741437917,2023-03-12,North
Oranges,9,5.041949853056072,2023-05-20,East
Mangoes,17,1.279397718018453,2023-05-18,North
Pineapples,5,2.9886954249647504,2023-06-02,South
Strawberries,5,9.36687329065032,2023-08-26,West
Grapes,6,9.580413330713705,2023-11-29,South
Strawberries,15,2.7862575543610504,2023-01-10,East
Apples,2,8.787337176572475,2023-06-03,North
Grapes,3,2.281000884184982,2023-07-09,East
Oranges,11,2.0239778993267166,2023-10-26,North
Grapes,13,3.4824142539632525,2023-10-22,East
Bananas,16,3.737152801127372,2023-08-28,East
Apples,12,5.061683941876759,2023-06-17,East
Pineapples,10,8.004432225471692,2023-10-14,South
Pineapples,8,8.425859830864184,2023-12-01,North
Bananas,13,9.380671045450454,2023-12-21,East
Mangoes,12,3.5361763541324613,2023-05-03,North
Mangoes,11,3.8330261053283023,2023-08-11,West
Bananas,5,7.250776748022089,2023-01-02,East
Pineapples,11,3.2669660363131485,2023-11-23,West
Mangoes,4,2.2264785773322586,2023-05-13,South
Strawberries,20,7.235889014125577,2023-09-24,South
Oranges,17,5.362738782541772,2023-12-23,West
Apples,15,1.8696872725909506,2023-07-02,North
Grapes,8,5.727437844495127,2023-10-12,East
Mangoes,19,2.062020454750903,2023-01-21,East
Grapes,2,8.257248509562864,2023-02-19,North
Oranges,9,2.2979024588057184,2023-08-01,North
Mangoes,11,7.750191653458745,2023-07-11,East
Apples,20,1.2310051385907674,2023-12-03,North
Pineapples,17,3.0870639486515943,2023-02-05,South
Bananas,11,2.907852107072223,2023-04-22,West
Grapes,20,2.775963874991143,2023-08-28,East
Strawberries,7,8.40917692776885,2023-03-04,West
Apples,9,3.370371714700331,2023-10-10,North
Apples,7,8.978786378736114,2023-02-22,South
Apples,4,9.512576653729107,2023-02-17,East
Mangoes,6,1.3588335959599984,2023-07-16,North
Oranges,10,7.746710058166056,2023-09-27,North
Strawberries,19,7.824324836275119,2023-10-28,East
Strawberries,8,6.599318345462807,2023-04-17,North
Apples,15,5.150350867025322,2023-12-29,North
Mangoes,6,2.18404965399425,2023-02-21,East
Strawberries,8,8.201739542878515,2023-08-22,South
Strawberries,6,9.457542099094455,2023-04-30,South
Grapes,3,9.361843419095617,2023-05-25,North
Mangoes,6,1.1590607887985693,2023-09-09,West
Apples,6,4.762225299695399,2023-07-12,West
Strawberries,4,7.951098984425648,2023-06-04,North
Grapes,9,6.254122082072946,2023-07-28,East
Pineapples,17,2.2783130977101984,2023-02-02,East
Grapes,20,5.383589528005228,2023-10-08,South
Strawberries,20,1.871218110865847,2023-10-04,West
Pineapples,20,8.863280447544643,2023-02-25,South
Strawberries,3,6.346533455489809,2023-10-12,East
Pineapples,16,2.769990472688386,2023-07-12,North
Oranges,12,9.695378902282817,2023-09-20,North
Grapes,16,1.342787356841919,2023-10-04,North
Bananas,5,1.7638159042328674,2023-12-03,West
Oranges,14,7.642971444258895,2023-10-05,West
Strawberries,2,4.228203391526627,2023-12-22,West
Strawberries,4,8.799272077307734,2023-08-26,West
Grapes,18,8.278353111285085,2023-04-05,East
Oranges,4,5.1772782952774445,2023-03-12,North
Pineapples,1,3.15711219739371,2023-05-27,South
Oranges,20,5.974615016367371,2023-02-08,South
Grapes,18,3.4263081206195567,2023-09-25,East
Strawberries,2,7.786703321323575,2023-04-09,South
Grapes,19,9.939194796020255,2023-03-20,West
Mangoes,13,6.395681248198081,2023-06-21,South
Mangoes,3,4.865160875106569,2023-03-21,East
Apples,19,1.4851079780616938,2023-10-16,East
Mangoes,11,6.723370391894073,2023-08-02,East
Grapes,9,2.650055900496513,2023-09-01,North
Grapes,11,5.412347488682784,2023-02-24,East
Pineapples,10,4.65465686799851,2023-05-01,East
Oranges,14,4.0286175016378785,2023-07-30,East
Bananas,19,1.663271054412526,2023-10-06,North
Bananas,5,7.441394158345978,2023-03-09,East
Mangoes,3,5.349499782187419,2023-10-26,North
Apples,1,2.312961959607854,2023-04-15,South
Grapes,10,2.3072870407711683,2023-11-08,East
Oranges,20,4.897176082104609,2023-02-15,West
Mangoes,1,8.128131409645205,2023-12-09,North
Pineapples,18,2.6190252645622314,2023-09-15,West
Grapes,4,4.314180923642867,2023-10-10,West
Bananas,8,1.3767706190695759,2023-04-19,North
Bananas,2,3.2455412604896785,2023-05-25,South
Pineapples,2,6.832459637041067,2023-11-20,North
Oranges,8,3.5028421478040133,2023-04-18,North
Apples,5,9.15051394957777,2023-03-26,South
Grapes,6,2.4553385276692676,2023-05-05,West
Strawberries,19,4.300313174557088,2023-07-22,West
Pineapples,20,1.7517016034122574,2023-10-31,South
Strawberries,13,8.731637756465448,2023-08-09,East
Pineapples,10,3.3380897743831754,2023-12-15,West
Bananas,9,9.539672997156762,2023-04-16,North
Apples,9,6.00974833771917,2023-08-08,South
Oranges,20,8.782695939750715,2023-11-14,North
Strawberries,13,5.871344051905355,2023-05-16,East
Strawberries,2,8.17374206244302,2023-10-22,West
Pineapples,9,3.346226605640077,2023-05-11,South
Mangoes,10,3.2674396234518466,2023-09-09,South
Grapes,6,9.082811985635622,2023-05-14,South
Bananas,5,3.414324565592495,2023-04-08,North
Pineapples,3,5.353655245195937,2023-10-07,South
Bananas,15,8.109442623434587,2023-08-18,North
Pineapples,9,8.236076567667919,2023-08-25,East
Mangoes,11,2.0114116368578667,2023-02-26,North
Oranges,6,3.749533914693093,2023-01-06,East
Pineapples,7,7.98832052450238,2023-10-30,East
Bananas,16,1.379877557559332,2023-11-14,North
Mangoes,3,7.152931670418891,2023-05-16,North
Oranges,16,4.226874217655969,2023-05-13,North
Bananas,5,3.4972398601512413,2023-08-14,South
Mangoes,15,2.2483026444749346,2023-05-02,West
Strawberries,14,7.347176294938521,2023-01-01,North
Apples,10,7.326738679659796,2023-03-31,North
Strawberries,18,6.985512011795858,2023-04-12,West
Oranges,18,6.427388996500277,2023-04-29,South
Strawberries,1,1.9748097224975223,2023-06-30,West
Pineapples,19,3.5674630831030343,2023-10-22,East
Strawberries,6,3.4769626574545285,2023-07-02,West
Bananas,7,6.052956207615763,2023-09-23,East
Strawberries,9,4.05182412224017,2023-04-23,North
Strawberries,2,1.7455386922468363,2023-08-06,North
Grapes,17,5.836505843166204,2023-10-06,West
Pineapples,13,6.5001291795958815,2023-08-08,East
Mangoes,10,4.207947396509822,2023-10-10,North
Mangoes,17,1.747806162799035,2023-03-11,East
Pineapples,13,9.72547202063123,2023-04-13,North
Bananas,3,8.10688539463356,2023-02-28,South
Bananas,3,5.757114959366429,2023-03-07,North
Strawberries,9,5.630499852440949,2023-11-27,South
Bananas,5,5.944245521754656,2023-07-22,North
Mangoes,16,4.499193158506666,2023-05-22,South
Apples,7,2.1079446094611587,2023-05-15,North
Strawberries,1,8.819702661070284,2023-11-14,East
Pineapples,4,4.530754704169736,2023-11-11,South
Bananas,3,2.4985839090278428,2023-04-13,North
Pineapples,10,5.394600540795111,2023-08-18,West
Apples,1,9.86174985110043,2023-04-09,North
Apples,9,4.603985112395489,2023-04-26,East
Grapes,20,1.41760087835598,2023-01-26,North
Pineapples,19,8.546925955806628,2023-03-04,West
Strawberries,5,9.33273424082075,2023-08-09,West
Oranges,19,9.95683570085467,2023-09-13,East
Apples,17,4.385421967949087,2023-04-04,East
Apples,20,7.08185620371995,2023-07-03,West
Oranges,7,9.037290849888103,2023-09-24,West
Grapes,15,1.4947596170749473,2023-12-06,East
Apples,13,7.761875295960735,2023-11-07,East
Bananas,8,1.7593960731769323,2023-08-23,East
Bananas,12,1.5400969057979337,2023-09-29,West
Oranges,11,9.00319421124216,2023-01-01,East
Bananas,15,1.9075892302282822,2023-04-27,South
Pineapples,8,4.201563506547155,2023-02-05,South
Grapes,1,4.461072491951455,2023-08-02,South
Strawberries,13,2.124387842417872,2023-10-19,East
Strawberries,3,4.483090445044102,2023-12-21,South
Strawberries,14,8.295814195171515,2023-09-09,East
Bananas,20,4.755816635483993,2023-08-10,East
Oranges,8,9.068348706868807,2023-05-06,West
Grapes,19,7.143351744804295,2023-07-18,South
Mangoes,18,6.497151898945987,2023-12-01,East
Apples,10,3.6392401223393347,2023-05-12,West
Oranges,4,4.085788959328106,2023-06-21,South
Bananas,12,6.665993005710293,2023-02-08,West
Apples,10,2.460004443365606,2023-01-21,East
Grapes,19,4.8162317216617225,2023-12-22,West
Pineapples,3,2.211224692140026,2023-10-13,West
Apples,18,7.611456666424397,2023-08-09,North
Oranges,7,3.01107893324813,2023-05-14,North
Grapes,3,8.793230128773176,2023-08-09,South
Grapes,12,8.076149051888521,2023-05-27,South
Pineapples,12,2.6816215383593724,2023-01-16,North
Oranges,6,7.807481992061599,2023-09-15,West
Apples,11,7.087150845056909,2023-01-09,South
Apples,14,3.7211186587279843,2023-02-11,East
Apples,9,6.750367041155719,2023-04-14,North
Mangoes,9,8.874823985056297,2023-03-06,North
Grapes,3,4.650754525223796,2023-06-11,South
Grapes,13,7.640981865211879,2023-08-23,North
Apples,3,1.886954108712942,2023-01-23,West
Oranges,5,7.187009502554802,2023-09-08,North
Oranges,19,6.819291978846868,2023-06-12,North
Mangoes,16,1.4772655810745956,2023-11-11,South
Strawberries,16,8.533356084576578,2023-06-06,East
Strawberries,1,9.057495745355594,2023-11-23,South
Apples,3,3.9284545980581753,2023-10-16,East
Apples,12,8.487042790319624,2023-10-03,West
Strawberries,17,9.154098241574454,2023-10-02,South
